,thirukkural_mean,aathichudi_mean
care.virtue,0.4901883,0.4283212
care.vice,0.49089882,0.39729565
fairness.virtue,0.46659118,0.4072073
fairness.vice,0.48302913,0.4026747
loyalty.virtue,0.4996673,0.41135907
loyalty.vice,0.46772978,0.39305434
authority.virtue,0.5024065,0.42451316
authority.vice,0.47529146,0.3964652
sanctity.virtue,0.5312868,0.45206392
sanctity.vice,0.5439799,0.43283078
