Text,Total,With Matches,Coverage (%)
Just So Stories,12,12,100.0
Peter Rabbit,1,1,100.0
Grimm Tales,210,209,99.52380952380952
Hans Christian Andersen,202,200,99.00990099009901
Morals Manners,131,125,95.41984732824427
Aesops Fables,284,246,86.61971830985915
