Comparison,Spearman Ï,p-value,Significant
Tamil vs Kannada,0.7939393939393938,0.0060999233136969115,Yes
Tamil vs English,0.7575757575757575,0.011143446799694208,Yes
Kannada vs English,0.9272727272727272,0.00011203450639397582,Yes
