Text,Total,With Matches,Coverage (%)
Ulakaneethi,13,6,46.15384615384615
Vivekacinthamani,135,47,34.81481481481482
Nalvazhi,40,7,17.5
Moothurai,30,5,16.666666666666664
Konraiventhan,93,10,10.75268817204301
Thirukkural,1334,117,8.770614692653673
Aathichoodi,111,7,6.306306306306306
