,English-Kannada,English-Tamil,Kannada-Tamil
care.virtue,0.9420366,0.9363781,0.95904416
care.vice,0.9254977,0.9295854,0.9554477
fairness.virtue,0.9257052,0.9353102,0.9514878
fairness.vice,0.9130851,0.92334354,0.9523805
loyalty.virtue,0.958112,0.94975805,0.9614813
loyalty.vice,0.86143816,0.8776827,0.92096674
authority.virtue,0.94186807,0.93719494,0.96188766
authority.vice,0.8908709,0.88576686,0.9285885
sanctity.virtue,0.9159018,0.91082186,0.9480733
sanctity.vice,0.9077258,0.9212829,0.9512159
