Comparison,Spearman_ρ,Spearman_p,JSD,Similarity
English_Aesop vs Tamil_Thirukkural,0.709090909090909,0.021665923367532435,0.2958146445013773,0.7041853554986227
English_Aesop vs Tamil_Aathichudi,0.7939393939393938,0.0060999233136969115,0.23281801716317513,0.7671819828368249
Tamil_Thirukkural vs Tamil_Aathichudi,0.7575757575757575,0.011143446799694208,0.22454732708678826,0.7754526729132117
